,Date,Price
0,2010-08-31,1817.0
1,2010-09-01,1733.0
2,2010-09-02,1733.0
3,2010-09-03,1733.0
4,2010-09-04,1733.0
5,2010-09-05,1733.0
6,2010-09-06,1733.0
7,2010-09-07,1733.0
8,2010-09-08,1733.0
9,2010-09-09,1733.0
10,2010-09-10,1733.0
11,2010-09-11,1733.0
12,2010-09-12,1733.0
13,2010-09-13,1733.0
14,2010-09-14,1733.0
15,2010-09-15,1733.0
16,2010-09-16,1733.0
17,2010-09-17,1733.0
18,2010-09-18,1733.0
19,2010-09-19,1733.0
20,2010-09-20,1733.0
21,2010-09-21,1733.0
22,2010-09-22,1733.0
23,2010-09-23,1733.0
24,2010-09-24,1700.0
25,2010-09-25,1700.0
26,2010-09-26,1700.0
27,2010-09-27,1700.0
28,2010-09-28,1700.0
29,2010-09-29,1700.0
30,2010-09-30,1700.0
31,2010-10-01,1700.0
32,2010-10-02,1700.0
33,2010-10-03,1700.0
34,2010-10-04,1700.0
35,2010-10-05,1700.0
36,2010-10-06,1700.0
37,2010-10-07,1700.0
38,2010-10-08,1700.0
39,2010-10-09,1700.0
40,2010-10-10,1700.0
41,2010-10-11,1700.0
42,2010-10-12,1700.0
43,2010-10-13,1700.0
44,2010-10-14,1700.0
45,2010-10-15,1700.0
46,2010-10-16,1700.0
47,2010-10-17,1700.0
48,2010-10-18,1700.0
49,2010-10-19,1700.0
50,2010-10-20,1700.0
51,2010-10-21,1700.0
52,2010-10-22,1700.0
53,2010-10-23,1700.0
54,2010-10-24,1700.0
55,2010-10-25,1700.0
56,2010-10-26,1850.0
57,2010-10-27,1850.0
58,2010-10-28,1850.0
59,2010-10-29,1850.0
60,2010-10-30,1816.6666666666667
61,2010-10-31,1783.3333333333333
62,2010-11-01,1750.0
63,2010-11-02,1750.0
64,2010-11-03,1750.0
65,2010-11-04,1750.0
66,2010-11-05,1750.0
67,2010-11-06,1750.0
68,2010-11-07,1750.0
69,2010-11-08,1750.0
70,2010-11-09,1750.0
71,2010-11-10,1750.0
72,2010-11-11,1750.0
73,2010-11-12,1750.0
74,2010-11-13,1750.0
75,2010-11-14,1750.0
76,2010-11-15,1750.0
77,2010-11-16,1750.0
78,2010-11-17,1750.0
79,2010-11-18,1750.0
80,2010-11-19,1750.0
81,2010-11-20,1741.6666666666667
82,2010-11-21,1733.3333333333333
83,2010-11-22,1725.0
84,2010-11-23,1750.0
85,2010-11-24,1750.0
86,2010-11-25,1750.0
87,2010-11-26,1750.0
88,2010-11-27,1750.0
89,2010-11-28,1750.0
90,2010-11-29,1750.0
91,2010-11-30,1475.0
92,2010-12-01,1475.0
93,2010-12-02,1550.0
94,2010-12-03,1550.0
95,2010-12-04,1550.0
96,2010-12-05,1550.0
97,2010-12-06,1550.0
98,2010-12-07,1650.0
99,2010-12-08,1650.0
100,2010-12-09,1650.0
101,2010-12-10,1650.0
102,2010-12-11,1650.0
103,2010-12-12,1650.0
104,2010-12-13,1650.0
105,2010-12-14,1750.0
106,2010-12-15,1750.0
107,2010-12-16,1750.0
108,2010-12-17,1750.0
109,2010-12-18,1750.0
110,2010-12-19,1750.0
111,2010-12-20,1750.0
112,2010-12-21,1750.0
113,2010-12-22,1750.0
114,2010-12-23,1750.0
115,2010-12-24,1750.0
116,2010-12-25,1750.0
117,2010-12-26,1750.0
118,2010-12-27,1750.0
119,2010-12-28,1750.0
120,2010-12-29,1750.0
121,2010-12-30,1750.0
122,2010-12-31,1750.0
123,2011-01-01,1750.0
124,2011-01-02,1750.0
125,2011-01-03,1750.0
126,2011-01-04,1750.0
127,2011-01-05,1750.0
128,2011-01-06,1750.0
129,2011-01-07,1600.0
130,2011-01-08,1600.0
131,2011-01-09,1600.0
132,2011-01-10,1600.0
133,2011-01-11,1550.0
134,2011-01-12,1550.0
135,2011-01-13,1550.0
136,2011-01-14,1550.0
137,2011-01-15,1583.3333333333333
138,2011-01-16,1616.6666666666667
139,2011-01-17,1650.0
140,2011-01-18,1650.0
141,2011-01-19,1650.0
142,2011-01-20,1650.0
143,2011-01-21,1650.0
144,2011-01-22,1625.0
145,2011-01-23,1600.0
146,2011-01-24,1575.0
147,2011-01-25,1575.0
148,2011-01-26,1575.0
149,2011-01-27,1575.0
150,2011-01-28,1550.0
151,2011-01-29,1558.3333333333333
152,2011-01-30,1566.6666666666667
153,2011-01-31,1575.0
154,2011-02-01,1575.0
155,2011-02-02,1575.0
156,2011-02-03,1575.0
157,2011-02-04,1575.0
158,2011-02-05,1575.0
159,2011-02-06,1575.0
160,2011-02-07,1575.0
161,2011-02-08,1800.0
162,2011-02-09,1800.0
163,2011-02-10,1800.0
164,2011-02-11,1800.0
165,2011-02-12,1783.3333333333333
166,2011-02-13,1766.6666666666667
167,2011-02-14,1750.0
168,2011-02-15,1550.0
169,2011-02-16,1600.0
170,2011-02-17,1650.0
171,2011-02-18,1650.0
172,2011-02-19,1650.0
173,2011-02-20,1650.0
174,2011-02-21,1650.0
175,2011-02-22,1575.0
176,2011-02-23,1575.0
177,2011-02-24,1575.0
178,2011-02-25,1650.0
179,2011-02-26,1650.0
180,2011-02-27,1650.0
181,2011-02-28,1650.0
182,2011-03-01,1675.0
183,2011-03-02,1675.0
184,2011-03-03,1675.0
185,2011-03-04,1675.0
186,2011-03-05,1666.6666666666667
187,2011-03-06,1658.3333333333333
188,2011-03-07,1650.0
189,2011-03-08,1650.0
190,2011-03-09,1650.0
191,2011-03-10,1650.0
192,2011-03-11,1650.0
193,2011-03-12,1655.6666666666667
194,2011-03-13,1661.3333333333333
195,2011-03-14,1667.0
196,2011-03-15,1650.0
197,2011-03-16,1650.0
198,2011-03-17,1650.0
199,2011-03-18,1650.0
200,2011-03-19,1650.0
201,2011-03-20,1650.0
202,2011-03-21,1650.0
203,2011-03-22,1650.0
204,2011-03-23,1650.0
205,2011-03-24,1650.0
206,2011-03-25,1650.0
207,2011-03-26,1650.0
208,2011-03-27,1650.0
209,2011-03-28,1650.0
210,2011-03-29,1550.0
211,2011-03-30,1550.0
212,2011-03-31,1550.0
213,2011-04-01,1550.0
214,2011-04-02,1550.0
215,2011-04-03,1550.0
216,2011-04-04,1550.0
217,2011-04-05,1550.0
218,2011-04-06,1550.0
219,2011-04-07,1550.0
220,2011-04-08,1550.0
221,2011-04-09,1550.0
222,2011-04-10,1550.0
223,2011-04-11,1550.0
224,2011-04-12,1550.0
225,2011-04-13,1550.0
226,2011-04-14,1550.0
227,2011-04-15,1550.0
228,2011-04-16,1550.0
229,2011-04-17,1550.0
230,2011-04-18,1550.0
231,2011-04-19,1500.0
232,2011-04-20,1500.0
233,2011-04-21,1500.0
234,2011-04-22,1520.75
235,2011-04-23,1541.5
236,2011-04-24,1562.25
237,2011-04-25,1583.0
238,2011-04-26,1600.0
239,2011-04-27,1567.0
240,2011-04-28,1567.0
241,2011-04-29,1575.0
242,2011-04-30,1575.0
243,2011-05-01,1575.0
244,2011-05-02,1575.0
245,2011-05-03,1575.0
246,2011-05-04,1575.0
247,2011-05-05,1567.0
248,2011-05-06,1567.0
249,2011-05-07,1578.0
250,2011-05-08,1589.0
251,2011-05-09,1600.0
252,2011-05-10,1600.0
253,2011-05-11,1500.0
254,2011-05-12,1500.0
255,2011-05-13,1500.0
256,2011-05-14,1500.0
257,2011-05-15,1500.0
258,2011-05-16,1500.0
259,2011-05-17,1525.0
260,2011-05-18,1550.0
261,2011-05-19,1550.0
262,2011-05-20,1550.0
263,2011-05-21,1600.0
264,2011-05-22,1650.0
265,2011-05-23,1700.0
266,2011-05-24,1500.0
267,2011-05-25,1500.0
268,2011-05-26,1500.0
269,2011-05-27,1500.0
270,2011-05-28,1500.0
271,2011-05-29,1500.0
272,2011-05-30,1500.0
273,2011-05-31,1500.0
274,2011-06-01,1550.0
275,2011-06-02,1550.0
276,2011-06-03,1550.0
277,2011-06-04,1550.0
278,2011-06-05,1550.0
279,2011-06-06,1550.0
280,2011-06-07,1500.0
281,2011-06-08,1550.0
282,2011-06-09,1550.0
283,2011-06-10,1550.0
284,2011-06-11,1550.0
285,2011-06-12,1550.0
286,2011-06-13,1550.0
287,2011-06-14,1550.0
288,2011-06-15,1550.0
289,2011-06-16,1550.0
290,2011-06-17,1550.0
291,2011-06-18,1550.0
292,2011-06-19,1550.0
293,2011-06-20,1550.0
294,2011-06-21,1550.0
295,2011-06-22,1550.0
296,2011-06-23,1550.0
297,2011-06-24,1550.0
298,2011-06-25,1550.0
299,2011-06-26,1550.0
300,2011-06-27,1550.0
301,2011-06-28,1700.0
302,2011-06-29,1700.0
303,2011-06-30,1650.0
304,2011-07-01,1650.0
305,2011-07-02,1650.0
306,2011-07-03,1650.0
307,2011-07-04,1650.0
308,2011-07-05,1700.0
309,2011-07-06,1700.0
310,2011-07-07,1700.0
311,2011-07-08,1700.0
312,2011-07-09,1700.0
313,2011-07-10,1700.0
314,2011-07-11,1700.0
315,2011-07-12,1700.0
316,2011-07-13,1700.0
317,2011-07-14,1700.0
318,2011-07-15,1700.0
319,2011-07-16,1716.6666666666667
320,2011-07-17,1733.3333333333333
321,2011-07-18,1750.0
322,2011-07-19,1650.0
323,2011-07-20,1650.0
324,2011-07-21,1675.0
325,2011-07-22,1650.0
326,2011-07-23,1633.3333333333333
327,2011-07-24,1616.6666666666667
328,2011-07-25,1600.0
329,2011-07-26,1600.0
330,2011-07-27,1650.0
331,2011-07-28,1650.0
332,2011-07-29,1650.0
333,2011-07-30,1683.3333333333333
334,2011-07-31,1716.6666666666667
335,2011-08-01,1750.0
336,2011-08-02,1750.0
337,2011-08-03,1750.0
338,2011-08-04,1750.0
339,2011-08-05,1750.0
340,2011-08-06,1800.0
341,2011-08-07,1850.0
342,2011-08-08,1900.0
343,2011-08-09,1900.0
344,2011-08-10,1850.0
345,2011-08-11,1867.0
346,2011-08-12,1867.0
347,2011-08-13,1825.25
348,2011-08-14,1783.5
349,2011-08-15,1741.75
350,2011-08-16,1700.0
351,2011-08-17,1700.0
352,2011-08-18,1700.0
353,2011-08-19,1700.0
354,2011-08-20,1700.0
355,2011-08-21,1700.0
356,2011-08-22,1700.0
357,2011-08-23,1700.0
358,2011-08-24,1700.0
359,2011-08-25,1700.0
360,2011-08-26,1717.0
361,2011-08-27,1717.0
362,2011-08-28,1717.0
363,2011-08-29,1717.0
364,2011-08-30,1700.0
365,2011-08-31,1700.0
366,2011-09-01,1700.0
367,2011-09-02,1700.0
368,2011-09-03,1700.0
369,2011-09-04,1700.0
370,2011-09-05,1700.0
371,2011-09-06,1700.0
372,2011-09-07,1700.0
373,2011-09-08,1700.0
374,2011-09-09,1700.0
375,2011-09-10,1700.0
376,2011-09-11,1700.0
377,2011-09-12,1700.0
378,2011-09-13,1900.0
379,2011-09-14,1900.0
380,2011-09-15,1900.0
381,2011-09-16,1900.0
382,2011-09-17,1900.0
383,2011-09-18,1900.0
384,2011-09-19,1900.0
385,2011-09-20,1850.0
386,2011-09-21,1850.0
387,2011-09-22,1850.0
388,2011-09-23,1850.0
389,2011-09-24,1850.0
390,2011-09-25,1850.0
391,2011-09-26,1850.0
392,2011-09-27,1850.0
393,2011-09-28,1650.0
394,2011-09-29,1650.0
395,2011-09-30,1650.0
396,2011-10-01,1650.0
397,2011-10-02,1650.0
398,2011-10-03,1650.0
399,2011-10-04,1700.0
400,2011-10-05,1700.0
401,2011-10-06,1700.0
402,2011-10-07,1700.0
403,2011-10-08,1716.6666666666667
404,2011-10-09,1733.3333333333333
405,2011-10-10,1750.0
406,2011-10-11,1700.0
407,2011-10-12,1700.0
408,2011-10-13,1700.0
409,2011-10-14,1700.0
410,2011-10-15,1708.3333333333333
411,2011-10-16,1716.6666666666667
412,2011-10-17,1725.0
413,2011-10-18,1675.0
414,2011-10-19,1675.0
415,2011-10-20,1650.0
416,2011-10-21,1650.0
417,2011-10-22,1650.0
418,2011-10-23,1650.0
419,2011-10-24,1650.0
420,2011-10-25,1700.0
421,2011-10-26,1700.0
422,2011-10-27,1700.0
423,2011-10-28,1700.0
424,2011-10-29,1700.0
425,2011-10-30,1700.0
426,2011-10-31,1700.0
427,2011-11-01,1650.0
428,2011-11-02,1650.0
429,2011-11-03,1650.0
430,2011-11-04,1650.0
431,2011-11-05,1656.25
432,2011-11-06,1662.5
433,2011-11-07,1668.75
434,2011-11-08,1675.0
435,2011-11-09,1675.0
436,2011-11-10,1675.0
437,2011-11-11,1675.0
438,2011-11-12,1683.3333333333333
439,2011-11-13,1691.6666666666667
440,2011-11-14,1700.0
441,2011-11-15,1700.0
442,2011-11-16,1750.0
443,2011-11-17,1750.0
444,2011-11-18,1750.0
445,2011-11-19,1761.0
446,2011-11-20,1772.0
447,2011-11-21,1783.0
448,2011-11-22,1792.0
449,2011-11-23,1800.0
450,2011-11-24,1700.0
451,2011-11-25,1700.0
452,2011-11-26,1700.0
453,2011-11-27,1700.0
454,2011-11-28,1700.0
455,2011-11-29,1700.0
456,2011-11-30,1700.0
457,2011-12-01,1700.0
458,2011-12-02,1700.0
459,2011-12-03,1700.0
460,2011-12-04,1700.0
461,2011-12-05,1700.0
462,2011-12-06,1700.0
463,2011-12-07,1700.0
464,2011-12-08,1700.0
465,2011-12-09,1700.0
466,2011-12-10,1700.0
467,2011-12-11,1700.0
468,2011-12-12,1700.0
469,2011-12-13,1625.0
470,2011-12-14,1625.0
471,2011-12-15,1650.0
472,2011-12-16,1650.0
473,2011-12-17,1650.0
474,2011-12-18,1650.0
475,2011-12-19,1650.0
476,2011-12-20,1658.0
477,2011-12-21,1658.0
478,2011-12-22,1658.0
479,2011-12-23,1658.0
480,2011-12-24,1658.0
481,2011-12-25,1658.0
482,2011-12-26,1658.0
483,2011-12-27,1658.0
484,2011-12-28,1667.0
485,2011-12-29,1667.0
486,2011-12-30,1667.0
487,2011-12-31,1667.0
488,2012-01-01,1667.0
489,2012-01-02,1667.0
490,2012-01-03,1667.0
491,2012-01-04,1667.0
492,2012-01-05,1667.0
493,2012-01-06,1683.0
494,2012-01-07,1688.6666666666667
495,2012-01-08,1694.3333333333333
496,2012-01-09,1700.0
497,2012-01-10,1700.0
498,2012-01-11,1717.0
499,2012-01-12,1717.0
500,2012-01-13,1717.0
501,2012-01-14,1717.0
502,2012-01-15,1717.0
503,2012-01-16,1717.0
504,2012-01-17,1717.0
505,2012-01-18,1717.0
506,2012-01-19,1717.0
507,2012-01-20,1725.0
508,2012-01-21,1727.6666666666667
509,2012-01-22,1730.3333333333333
510,2012-01-23,1733.0
511,2012-01-24,1733.0
512,2012-01-25,1733.0
513,2012-01-26,1741.5
514,2012-01-27,1750.0
515,2012-01-28,1750.0
516,2012-01-29,1750.0
517,2012-01-30,1750.0
518,2012-01-31,1750.0
519,2012-02-01,1833.0
520,2012-02-02,1833.0
521,2012-02-03,1833.0
522,2012-02-04,1833.0
523,2012-02-05,1833.0
524,2012-02-06,1833.0
525,2012-02-07,1833.0
526,2012-02-08,1833.0
527,2012-02-09,1833.0
528,2012-02-10,1883.0
529,2012-02-11,1883.0
530,2012-02-12,1883.0
531,2012-02-13,1883.0
532,2012-02-14,1883.0
533,2012-02-15,1950.0
534,2012-02-16,1950.0
535,2012-02-17,1950.0
536,2012-02-18,1950.0
537,2012-02-19,1950.0
538,2012-02-20,1950.0
539,2012-02-21,1950.0
540,2012-02-22,1950.0
541,2012-02-23,1950.0
542,2012-02-24,2017.0
543,2012-02-25,2017.0
544,2012-02-26,2017.0
545,2012-02-27,2017.0
546,2012-02-28,2017.0
547,2012-02-29,2017.0
548,2012-03-01,2017.0
549,2012-03-02,2017.0
550,2012-03-03,2017.0
551,2012-03-04,2017.0
552,2012-03-05,2017.0
553,2012-03-06,2017.0
554,2012-03-07,2017.0
555,2012-03-08,2017.0
556,2012-03-09,2017.0
557,2012-03-10,2017.0
558,2012-03-11,2017.0
559,2012-03-12,2017.0
560,2012-03-13,2017.0
561,2012-03-14,2017.0
562,2012-03-15,2017.0
563,2012-03-16,2017.0
564,2012-03-17,2017.0
565,2012-03-18,2017.0
566,2012-03-19,2017.0
567,2012-03-20,2017.0
568,2012-03-21,2017.0
569,2012-03-22,2017.0
570,2012-03-23,2017.0
571,2012-03-24,2017.0
572,2012-03-25,2017.0
573,2012-03-26,2017.0
574,2012-03-27,2017.0
575,2012-03-28,2050.0
576,2012-03-29,2050.0
577,2012-03-30,2050.0
578,2012-03-31,2050.0
579,2012-04-01,2050.0
580,2012-04-02,2050.0
581,2012-04-03,2050.0
582,2012-04-04,2050.0
583,2012-04-05,2050.0
584,2012-04-06,2050.0
585,2012-04-07,2050.0
586,2012-04-08,2050.0
587,2012-04-09,2050.0
588,2012-04-10,2050.0
589,2012-04-11,2050.0
590,2012-04-12,2050.0
591,2012-04-13,2050.0
592,2012-04-14,2050.0
593,2012-04-15,2050.0
594,2012-04-16,2050.0
595,2012-04-17,2050.0
596,2012-04-18,2050.0
597,2012-04-19,2050.0
598,2012-04-20,2070.0
599,2012-04-21,2070.0
600,2012-04-22,2070.0
601,2012-04-23,2070.0
602,2012-04-24,2070.0
603,2012-04-25,2070.0
604,2012-04-26,2070.0
605,2012-04-27,2070.0
606,2012-04-28,2070.0
607,2012-04-29,2070.0
608,2012-04-30,2070.0
609,2012-05-01,2070.0
610,2012-05-02,2070.0
611,2012-05-03,2070.0
612,2012-05-04,2070.0
613,2012-05-05,2070.0
614,2012-05-06,2070.0
615,2012-05-07,2070.0
616,2012-05-08,2070.0
617,2012-05-09,2072.0
618,2012-05-10,2072.0
619,2012-05-11,2072.0
620,2012-05-12,2072.0
621,2012-05-13,2072.0
622,2012-05-14,2072.0
623,2012-05-15,2072.0
624,2012-05-16,2065.0
625,2012-05-17,2065.0
626,2012-05-18,2065.0
627,2012-05-19,2065.0
628,2012-05-20,2065.0
629,2012-05-21,2065.0
630,2012-05-22,2065.0
631,2012-05-23,2065.0
632,2012-05-24,2065.0
633,2012-05-25,2065.0
634,2012-05-26,2065.0
635,2012-05-27,2065.0
636,2012-05-28,2065.0
637,2012-05-29,2065.0
638,2012-05-30,2065.0
639,2012-05-31,2065.0
640,2012-06-01,2065.0
641,2012-06-02,2065.0
642,2012-06-03,2065.0
643,2012-06-04,2065.0
644,2012-06-05,2065.0
645,2012-06-06,2065.0
646,2012-06-07,2065.0
647,2012-06-08,2065.0
648,2012-06-09,2065.0
649,2012-06-10,2065.0
650,2012-06-11,2065.0
651,2012-06-12,2065.0
652,2012-06-13,2065.0
653,2012-06-14,2065.0
654,2012-06-15,2065.0
655,2012-06-16,2065.0
656,2012-06-17,2065.0
657,2012-06-18,2065.0
658,2012-06-19,2067.0
659,2012-06-20,2067.0
660,2012-06-21,2043.0
661,2012-06-22,2043.0
662,2012-06-23,2043.0
663,2012-06-24,2043.0
664,2012-06-25,2043.0
665,2012-06-26,2043.0
666,2012-06-27,2043.0
667,2012-06-28,2043.0
668,2012-06-29,2043.0
669,2012-06-30,2043.0
670,2012-07-01,2043.0
671,2012-07-02,2043.0
672,2012-07-03,2043.0
673,2012-07-04,2043.0
674,2012-07-05,2043.0
675,2012-07-06,2043.0
676,2012-07-07,2041.0
677,2012-07-08,2039.0
678,2012-07-09,2037.0
679,2012-07-10,2033.0
680,2012-07-11,2033.0
681,2012-07-12,2033.0
682,2012-07-13,2033.0
683,2012-07-14,2033.0
684,2012-07-15,2033.0
685,2012-07-16,2033.0
686,2012-07-17,2033.0
687,2012-07-18,2033.0
688,2012-07-19,2033.0
689,2012-07-20,2067.0
690,2012-07-21,2178.0
691,2012-07-22,2289.0
692,2012-07-23,2400.0
693,2012-07-24,2067.0
694,2012-07-25,2067.0
695,2012-07-26,2067.0
696,2012-07-27,2067.0
697,2012-07-28,2067.0
698,2012-07-29,2067.0
699,2012-07-30,2067.0
700,2012-07-31,2067.0
701,2012-08-01,2067.0
702,2012-08-02,2067.0
703,2012-08-03,2067.0
704,2012-08-04,2067.0
705,2012-08-05,2067.0
706,2012-08-06,2067.0
707,2012-08-07,2067.0
708,2012-08-08,2067.0
709,2012-08-09,2067.0
710,2012-08-10,2057.75
711,2012-08-11,2048.5
712,2012-08-12,2039.25
713,2012-08-13,2030.0
714,2012-08-14,2030.0
715,2012-08-15,2030.0
716,2012-08-16,2030.0
717,2012-08-17,2030.0
718,2012-08-18,2030.0
719,2012-08-19,2030.0
720,2012-08-20,2030.0
721,2012-08-21,2030.0
722,2012-08-22,2030.0
723,2012-08-23,2030.0
724,2012-08-24,2030.0
725,2012-08-25,2032.6666666666667
726,2012-08-26,2035.3333333333333
727,2012-08-27,2038.0
728,2012-08-28,2032.0
729,2012-08-29,2032.0
730,2012-08-30,2032.0
731,2012-08-31,2023.0
732,2012-09-01,2023.0
733,2012-09-02,2023.0
734,2012-09-03,2023.0
735,2012-09-04,2023.0
736,2012-09-05,2023.0
737,2012-09-06,2032.0
738,2012-09-07,2032.0
739,2012-09-08,2034.0
740,2012-09-09,2036.0
741,2012-09-10,2038.0
742,2012-09-11,2038.0
743,2012-09-12,2038.0
744,2012-09-13,2038.0
745,2012-09-14,2038.0
746,2012-09-15,2048.0
747,2012-09-16,2058.0
748,2012-09-17,2068.0
749,2012-09-18,2068.0
750,2012-09-19,2068.0
751,2012-09-20,2068.0
752,2012-09-21,2068.0
753,2012-09-22,2068.0
754,2012-09-23,2068.0
755,2012-09-24,2068.0
756,2012-09-25,2068.0
757,2012-09-26,2068.0
758,2012-09-27,2108.0
759,2012-09-28,2108.0
760,2012-09-29,2108.0
761,2012-09-30,2108.0
762,2012-10-01,2108.0
763,2012-10-02,2108.0
764,2012-10-03,2108.0
765,2012-10-04,2108.0
766,2012-10-05,2153.0
767,2012-10-06,2153.0
768,2012-10-07,2153.0
769,2012-10-08,2153.0
770,2012-10-09,2153.0
771,2012-10-10,2153.0
772,2012-10-11,2153.0
773,2012-10-12,2153.0
774,2012-10-13,2153.0
775,2012-10-14,2153.0
776,2012-10-15,2153.0
777,2012-10-16,2153.0
778,2012-10-17,2153.0
779,2012-10-18,2153.0
780,2012-10-19,2153.0
781,2012-10-20,2153.0
782,2012-10-21,2153.0
783,2012-10-22,2153.0
784,2012-10-23,2153.0
785,2012-10-24,2153.0
786,2012-10-25,2153.0
787,2012-10-26,2153.0
788,2012-10-27,2188.6666666666665
789,2012-10-28,2224.3333333333335
790,2012-10-29,2260.0
791,2012-10-30,2260.0
792,2012-10-31,2260.0
793,2012-11-01,2260.0
794,2012-11-02,2260.0
795,2012-11-03,2260.0
796,2012-11-04,2260.0
797,2012-11-05,2260.0
798,2012-11-06,2260.0
799,2012-11-07,2260.0
800,2012-11-08,2260.0
801,2012-11-09,2260.0
802,2012-11-10,2260.0
803,2012-11-11,2260.0
804,2012-11-12,2260.0
805,2012-11-13,2260.0
806,2012-11-14,2260.0
807,2012-11-15,2260.0
808,2012-11-16,2260.0
809,2012-11-17,2260.0
810,2012-11-18,2260.0
811,2012-11-19,2260.0
812,2012-11-20,2260.0
813,2012-11-21,2260.0
814,2012-11-22,2260.0
815,2012-11-23,2260.0
816,2012-11-24,2260.0
817,2012-11-25,2260.0
818,2012-11-26,2260.0
819,2012-11-27,2260.0
820,2012-11-28,2260.0
821,2012-11-29,2260.0
822,2012-11-30,2260.0
823,2012-12-01,2253.3333333333335
824,2012-12-02,2246.6666666666665
825,2012-12-03,2240.0
826,2012-12-04,2240.0
827,2012-12-05,2240.0
828,2012-12-06,2240.0
829,2012-12-07,2240.0
830,2012-12-08,2240.0
831,2012-12-09,2240.0
832,2012-12-10,2240.0
833,2012-12-11,2240.0
834,2012-12-12,2243.0
835,2012-12-13,2243.0
836,2012-12-14,2230.0
837,2012-12-15,2230.0
838,2012-12-16,2230.0
839,2012-12-17,2230.0
840,2012-12-18,2230.0
841,2012-12-19,2170.0
842,2012-12-20,2170.0
843,2012-12-21,2170.0
844,2012-12-22,2169.0
845,2012-12-23,2168.0
846,2012-12-24,2167.0
847,2012-12-25,2167.0
848,2012-12-26,2167.0
849,2012-12-27,2113.0
850,2012-12-28,2113.0
851,2012-12-29,2113.0
852,2012-12-30,2113.0
853,2012-12-31,2113.0
854,2013-01-01,2100.0
855,2013-01-02,2100.0
856,2013-01-03,2100.0
857,2013-01-04,2100.0
858,2013-01-05,2133.3333333333335
859,2013-01-06,2166.6666666666665
860,2013-01-07,2200.0
861,2013-01-08,2200.0
862,2013-01-09,2200.0
863,2013-01-10,2200.0
864,2013-01-11,2200.0
865,2013-01-12,2200.0
866,2013-01-13,2200.0
867,2013-01-14,2200.0
868,2013-01-15,2200.0
869,2013-01-16,2200.0
870,2013-01-17,2200.0
871,2013-01-18,2200.0
872,2013-01-19,2233.3333333333335
873,2013-01-20,2266.6666666666665
874,2013-01-21,2300.0
875,2013-01-22,2300.0
876,2013-01-23,2300.0
877,2013-01-24,2300.0
878,2013-01-25,2300.0
879,2013-01-26,2300.0
880,2013-01-27,2300.0
881,2013-01-28,2300.0
882,2013-01-29,2300.0
883,2013-01-30,2300.0
884,2013-01-31,2300.0
885,2013-02-01,2300.0
886,2013-02-02,2300.0
887,2013-02-03,2300.0
888,2013-02-04,2300.0
889,2013-02-05,2300.0
890,2013-02-06,2300.0
891,2013-02-07,2300.0
892,2013-02-08,2300.0
893,2013-02-09,2300.0
894,2013-02-10,2300.0
895,2013-02-11,2300.0
896,2013-02-12,2300.0
897,2013-02-13,2300.0
898,2013-02-14,2300.0
899,2013-02-15,2300.0
900,2013-02-16,2300.0
901,2013-02-17,2300.0
902,2013-02-18,2300.0
903,2013-02-19,2300.0
904,2013-02-20,2300.0
905,2013-02-21,2300.0
906,2013-02-22,2300.0
907,2013-02-23,2300.0
908,2013-02-24,2300.0
909,2013-02-25,2300.0
910,2013-02-26,2300.0
911,2013-02-27,2300.0
912,2013-02-28,2300.0
913,2013-03-01,2300.0
914,2013-03-02,2300.0
915,2013-03-03,2300.0
916,2013-03-04,2300.0
917,2013-03-05,2300.0
918,2013-03-06,2300.0
919,2013-03-07,2300.0
920,2013-03-08,2300.0
921,2013-03-09,2300.0
922,2013-03-10,2300.0
923,2013-03-11,2300.0
924,2013-03-12,2300.0
925,2013-03-13,2300.0
926,2013-03-14,2300.0
927,2013-03-15,2300.0
928,2013-03-16,2300.0
929,2013-03-17,2300.0
930,2013-03-18,2300.0
931,2013-03-19,2300.0
932,2013-03-20,2300.0
933,2013-03-21,2300.0
934,2013-03-22,2300.0
935,2013-03-23,2300.0
936,2013-03-24,2300.0
937,2013-03-25,2300.0
938,2013-03-26,2300.0
939,2013-03-27,2300.0
940,2013-03-28,2300.0
941,2013-03-29,2300.0
942,2013-03-30,2300.0
943,2013-03-31,2300.0
944,2013-04-01,2300.0
945,2013-04-02,2300.0
946,2013-04-03,2257.0
947,2013-04-04,2257.0
948,2013-04-05,2257.0
949,2013-04-06,2257.0
950,2013-04-07,2257.0
951,2013-04-08,2257.0
952,2013-04-09,2257.0
953,2013-04-10,2257.0
954,2013-04-11,2257.0
955,2013-04-12,2257.0
956,2013-04-13,2257.0
957,2013-04-14,2257.0
958,2013-04-15,2257.0
959,2013-04-16,2257.0
960,2013-04-17,2257.0
961,2013-04-18,2257.0
962,2013-04-19,2257.0
963,2013-04-20,2257.0
964,2013-04-21,2257.0
965,2013-04-22,2257.0
966,2013-04-23,2257.0
967,2013-04-24,2257.0
968,2013-04-25,2257.0
969,2013-04-26,2257.0
970,2013-04-27,2257.0
971,2013-04-28,2257.0
972,2013-04-29,2257.0
973,2013-04-30,2257.0
974,2013-05-01,2257.0
975,2013-05-02,2257.0
976,2013-05-03,2257.0
977,2013-05-04,2257.0
978,2013-05-05,2257.0
979,2013-05-06,2257.0
980,2013-05-07,2257.0
981,2013-05-08,2257.0
982,2013-05-09,2257.0
983,2013-05-10,2257.0
984,2013-05-11,2257.0
985,2013-05-12,2257.0
986,2013-05-13,2257.0
987,2013-05-14,2257.0
988,2013-05-15,2257.0
989,2013-05-16,2257.0
990,2013-05-17,2257.0
991,2013-05-18,2262.0
992,2013-05-19,2267.0
993,2013-05-20,2272.0
994,2013-05-21,2272.0
995,2013-05-22,2272.0
996,2013-05-23,2272.0
997,2013-05-24,2272.0
998,2013-05-25,2272.0
999,2013-05-26,2272.0
1000,2013-05-27,2272.0
1001,2013-05-28,2272.0
1002,2013-05-29,2272.0
1003,2013-05-30,2283.0
1004,2013-05-31,2283.0
1005,2013-06-01,2283.0
1006,2013-06-02,2283.0
1007,2013-06-03,2283.0
1008,2013-06-04,2283.0
1009,2013-06-05,2283.0
1010,2013-06-06,2283.0
1011,2013-06-07,2283.0
1012,2013-06-08,2283.0
1013,2013-06-09,2283.0
1014,2013-06-10,2283.0
1015,2013-06-11,2283.0
1016,2013-06-12,2283.0
1017,2013-06-13,2283.0
1018,2013-06-14,2283.0
1019,2013-06-15,2283.0
1020,2013-06-16,2283.0
1021,2013-06-17,2283.0
1022,2013-06-18,2283.0
1023,2013-06-19,2283.0
1024,2013-06-20,2283.0
1025,2013-06-21,2283.0
1026,2013-06-22,2283.0
1027,2013-06-23,2283.0
1028,2013-06-24,2283.0
1029,2013-06-25,2283.0
1030,2013-06-26,2283.0
1031,2013-06-27,2283.0
1032,2013-06-28,2283.0
1033,2013-06-29,2283.0
1034,2013-06-30,2283.0
1035,2013-07-01,2283.0
1036,2013-07-02,2283.0
1037,2013-07-03,2283.0
1038,2013-07-04,2283.0
1039,2013-07-05,2283.0
1040,2013-07-06,2283.0
1041,2013-07-07,2283.0
1042,2013-07-08,2283.0
1043,2013-07-09,2283.0
1044,2013-07-10,2283.0
1045,2013-07-11,2283.0
1046,2013-07-12,2283.0
1047,2013-07-13,2283.0
1048,2013-07-14,2283.0
1049,2013-07-15,2283.0
1050,2013-07-16,2283.0
1051,2013-07-17,2283.0
1052,2013-07-18,2283.0
1053,2013-07-19,2283.0
1054,2013-07-20,2283.0
1055,2013-07-21,2283.0
1056,2013-07-22,2283.0
1057,2013-07-23,2283.0
1058,2013-07-24,2283.0
1059,2013-07-25,2283.0
1060,2013-07-26,2283.0
1061,2013-07-27,2283.0
1062,2013-07-28,2283.0
1063,2013-07-29,2283.0
1064,2013-07-30,2283.0
1065,2013-07-31,2283.0
1066,2013-08-01,2283.0
1067,2013-08-02,2283.0
1068,2013-08-03,2283.0
1069,2013-08-04,2283.0
1070,2013-08-05,2283.0
1071,2013-08-06,2283.0
1072,2013-08-07,2283.0
1073,2013-08-08,2283.0
1074,2013-08-09,2283.0
1075,2013-08-10,2283.0
1076,2013-08-11,2283.0
1077,2013-08-12,2283.0
1078,2013-08-13,2283.0
1079,2013-08-14,2283.0
1080,2013-08-15,2283.0
1081,2013-08-16,2283.0
1082,2013-08-17,2279.6666666666665
1083,2013-08-18,2276.3333333333335
1084,2013-08-19,2273.0
1085,2013-08-20,2273.0
1086,2013-08-21,2275.0
1087,2013-08-22,2275.0
1088,2013-08-23,2275.0
1089,2013-08-24,2306.0
1090,2013-08-25,2337.0
1091,2013-08-26,2368.0
1092,2013-08-27,2368.0
1093,2013-08-28,2368.0
1094,2013-08-29,2368.0
1095,2013-08-30,2368.0
1096,2013-08-31,2368.0
1097,2013-09-01,2368.0
1098,2013-09-02,2368.0
1099,2013-09-03,2368.0
1100,2013-09-04,2335.0
1101,2013-09-05,2335.0
1102,2013-09-06,2335.0
1103,2013-09-07,2335.0
1104,2013-09-08,2335.0
1105,2013-09-09,2335.0
1106,2013-09-10,2335.0
1107,2013-09-11,2335.0
1108,2013-09-12,2335.0
1109,2013-09-13,2335.0
1110,2013-09-14,2335.0
1111,2013-09-15,2335.0
1112,2013-09-16,2335.0
1113,2013-09-17,2335.0
1114,2013-09-18,2335.0
1115,2013-09-19,2335.0
1116,2013-09-20,2335.0
1117,2013-09-21,2335.0
1118,2013-09-22,2335.0
1119,2013-09-23,2335.0
1120,2013-09-24,2335.0
1121,2013-09-25,2335.0
1122,2013-09-26,2335.0
1123,2013-09-27,2335.0
1124,2013-09-28,2340.0
1125,2013-09-29,2345.0
1126,2013-09-30,2350.0
1127,2013-10-01,2350.0
1128,2013-10-02,2350.0
1129,2013-10-03,2350.0
1130,2013-10-04,2350.0
1131,2013-10-05,2357.3333333333335
1132,2013-10-06,2364.6666666666665
1133,2013-10-07,2372.0
1134,2013-10-08,2372.0
1135,2013-10-09,2372.0
1136,2013-10-10,2372.0
1137,2013-10-11,2372.0
1138,2013-10-12,2372.0
1139,2013-10-13,2372.0
1140,2013-10-14,2372.0
1141,2013-10-15,2380.0
1142,2013-10-16,2380.0
1143,2013-10-17,2380.0
1144,2013-10-18,2380.0
1145,2013-10-19,2380.0
1146,2013-10-20,2380.0
1147,2013-10-21,2380.0
1148,2013-10-22,2380.0
1149,2013-10-23,2380.0
1150,2013-10-24,2380.0
1151,2013-10-25,2380.0
1152,2013-10-26,2380.0
1153,2013-10-27,2380.0
1154,2013-10-28,2380.0
1155,2013-10-29,2380.0
1156,2013-10-30,2380.0
1157,2013-10-31,2380.0
1158,2013-11-01,2380.0
1159,2013-11-02,2380.0
1160,2013-11-03,2380.0
1161,2013-11-04,2380.0
1162,2013-11-05,2380.0
1163,2013-11-06,2380.0
1164,2013-11-07,2380.0
1165,2013-11-08,2380.0
1166,2013-11-09,2400.0
1167,2013-11-10,2420.0
1168,2013-11-11,2440.0
1169,2013-11-12,2440.0
1170,2013-11-13,2440.0
1171,2013-11-14,2440.0
1172,2013-11-15,2440.0
1173,2013-11-16,2440.0
1174,2013-11-17,2440.0
1175,2013-11-18,2440.0
1176,2013-11-19,2440.0
1177,2013-11-20,2440.0
1178,2013-11-21,2440.0
1179,2013-11-22,2440.0
1180,2013-11-23,2441.6666666666665
1181,2013-11-24,2443.3333333333335
1182,2013-11-25,2445.0
1183,2013-11-26,2445.0
1184,2013-11-27,2445.0
1185,2013-11-28,2437.0
1186,2013-11-29,2437.0
1187,2013-11-30,2437.0
1188,2013-12-01,2437.0
1189,2013-12-02,2437.0
1190,2013-12-03,2437.0
1191,2013-12-04,2393.5
1192,2013-12-05,2350.0
1193,2013-12-06,2437.0
1194,2013-12-07,2437.0
1195,2013-12-08,2437.0
1196,2013-12-09,2437.0
1197,2013-12-10,2437.0
1198,2013-12-11,2437.0
1199,2013-12-12,2437.0
1200,2013-12-13,2437.0
1201,2013-12-14,2437.0
1202,2013-12-15,2437.0
1203,2013-12-16,2437.0
1204,2013-12-17,2437.0
1205,2013-12-18,2437.0
1206,2013-12-19,2437.0
1207,2013-12-20,2437.0
1208,2013-12-21,2441.3333333333335
1209,2013-12-22,2445.6666666666665
1210,2013-12-23,2450.0
1211,2013-12-24,2450.0
1212,2013-12-25,2450.0
1213,2013-12-26,2450.0
1214,2013-12-27,2450.0
1215,2013-12-28,2450.0
1216,2013-12-29,2450.0
1217,2013-12-30,2450.0
1218,2013-12-31,2450.0
1219,2014-01-01,2450.0
1220,2014-01-02,2450.0
1221,2014-01-03,2450.0
1222,2014-01-04,2450.0
1223,2014-01-05,2450.0
1224,2014-01-06,2450.0
1225,2014-01-07,2450.0
1226,2014-01-08,2450.0
1227,2014-01-09,2450.0
1228,2014-01-10,2450.0
1229,2014-01-11,2450.0
1230,2014-01-12,2450.0
1231,2014-01-13,2450.0
1232,2014-01-14,2450.0
1233,2014-01-15,2450.0
1234,2014-01-16,2450.0
1235,2014-01-17,2450.0
1236,2014-01-18,2450.0
1237,2014-01-19,2450.0
1238,2014-01-20,2450.0
1239,2014-01-21,2450.0
1240,2014-01-22,2450.0
1241,2014-01-23,2450.0
1242,2014-01-24,2450.0
1243,2014-01-25,2450.0
1244,2014-01-26,2450.0
1245,2014-01-27,2450.0
1246,2014-01-28,2450.0
1247,2014-01-29,2450.0
1248,2014-01-30,2450.0
1249,2014-01-31,2450.0
1250,2014-02-01,2450.0
1251,2014-02-02,2450.0
1252,2014-02-03,2450.0
1253,2014-02-04,2450.0
1254,2014-02-05,2450.0
1255,2014-02-06,2450.0
1256,2014-02-07,2450.0
1257,2014-02-08,2450.0
1258,2014-02-09,2450.0
1259,2014-02-10,2450.0
1260,2014-02-11,2450.0
1261,2014-02-12,2487.0
1262,2014-02-13,2487.0
1263,2014-02-14,2487.0
1264,2014-02-15,2477.0
1265,2014-02-16,2467.0
1266,2014-02-17,2457.0
1267,2014-02-18,2457.0
1268,2014-02-19,2457.0
1269,2014-02-20,2457.0
1270,2014-02-21,2457.0
1271,2014-02-22,2447.3333333333335
1272,2014-02-23,2437.6666666666665
1273,2014-02-24,2428.0
1274,2014-02-25,2428.0
1275,2014-02-26,2428.0
1276,2014-02-27,2428.0
1277,2014-02-28,2468.0
1278,2014-03-01,2460.3333333333335
1279,2014-03-02,2452.6666666666665
1280,2014-03-03,2445.0
1281,2014-03-04,2445.0
1282,2014-03-05,2445.0
1283,2014-03-06,2445.0
1284,2014-03-07,2445.0
1285,2014-03-08,2445.0
1286,2014-03-09,2445.0
1287,2014-03-10,2445.0
1288,2014-03-11,2453.0
1289,2014-03-12,2457.0
1290,2014-03-13,2457.0
1291,2014-03-14,2457.0
1292,2014-03-15,2457.0
1293,2014-03-16,2457.0
1294,2014-03-17,2457.0
1295,2014-03-18,2457.0
1296,2014-03-19,2457.0
1297,2014-03-20,2457.0
1298,2014-03-21,2457.0
1299,2014-03-22,2463.6666666666665
1300,2014-03-23,2470.3333333333335
1301,2014-03-24,2477.0
1302,2014-03-25,2477.0
1303,2014-03-26,2485.0
1304,2014-03-27,2485.0
1305,2014-03-28,2485.0
1306,2014-03-29,2485.0
1307,2014-03-30,2485.0
1308,2014-03-31,2485.0
1309,2014-04-01,2350.0
1310,2014-04-02,2492.0
1311,2014-04-03,2492.0
1312,2014-04-04,2492.0
1313,2014-04-05,2503.0
1314,2014-04-06,2514.0
1315,2014-04-07,2525.0
1316,2014-04-08,2525.0
1317,2014-04-09,2525.0
1318,2014-04-10,2525.0
1319,2014-04-11,2525.0
1320,2014-04-12,2525.0
1321,2014-04-13,2525.0
1322,2014-04-14,2525.0
1323,2014-04-15,2525.0
1324,2014-04-16,2525.0
1325,2014-04-17,2525.0
1326,2014-04-18,2525.5
1327,2014-04-19,2526.0
1328,2014-04-20,2526.5
1329,2014-04-21,2527.0
1330,2014-04-22,2527.0
1331,2014-04-23,2527.0
1332,2014-04-24,2527.0
1333,2014-04-25,2350.0
1334,2014-04-26,2350.0
1335,2014-04-27,2350.0
1336,2014-04-28,2350.0
1337,2014-04-29,2527.0
1338,2014-04-30,2527.0
1339,2014-05-01,2527.0
1340,2014-05-02,2350.0
1341,2014-05-03,2350.0
1342,2014-05-04,2350.0
1343,2014-05-05,2350.0
1344,2014-05-06,2350.0
1345,2014-05-07,2350.0
1346,2014-05-08,2350.0
1347,2014-05-09,2467.0
1348,2014-05-10,2428.0
1349,2014-05-11,2389.0
1350,2014-05-12,2350.0
1351,2014-05-13,2473.0
1352,2014-05-14,2473.0
1353,2014-05-15,2473.0
1354,2014-05-16,2473.0
1355,2014-05-17,2473.0
1356,2014-05-18,2473.0
1357,2014-05-19,2473.0
1358,2014-05-20,2473.0
1359,2014-05-21,2473.0
1360,2014-05-22,2473.0
1361,2014-05-23,2492.0
1362,2014-05-24,2504.6666666666665
1363,2014-05-25,2517.3333333333335
1364,2014-05-26,2530.0
1365,2014-05-27,2530.0
1366,2014-05-28,2530.0
1367,2014-05-29,2530.0
1368,2014-05-30,2530.0
1369,2014-05-31,2508.3333333333335
1370,2014-06-01,2486.6666666666665
1371,2014-06-02,2465.0
1372,2014-06-03,2465.0
1373,2014-06-04,2465.0
1374,2014-06-05,2465.0
1375,2014-06-06,2465.0
1376,2014-06-07,2465.0
1377,2014-06-08,2465.0
1378,2014-06-09,2465.0
1379,2014-06-10,2465.0
1380,2014-06-11,2465.0
1381,2014-06-12,2465.0
1382,2014-06-13,2465.0
1383,2014-06-14,2478.3333333333335
1384,2014-06-15,2491.6666666666665
1385,2014-06-16,2505.0
1386,2014-06-17,2505.0
1387,2014-06-18,2505.0
1388,2014-06-19,2505.0
1389,2014-06-20,2505.0
1390,2014-06-21,2505.0
1391,2014-06-22,2505.0
1392,2014-06-23,2505.0
1393,2014-06-24,2505.0
1394,2014-06-25,2505.0
1395,2014-06-26,2505.0
1396,2014-06-27,2505.0
1397,2014-06-28,2505.0
1398,2014-06-29,2505.0
1399,2014-06-30,2505.0
1400,2014-07-01,2517.0
1401,2014-07-02,2517.0
1402,2014-07-03,2518.0
1403,2014-07-04,2518.0
1404,2014-07-05,2526.0
1405,2014-07-06,2534.0
1406,2014-07-07,2542.0
1407,2014-07-08,2542.0
1408,2014-07-09,2542.0
1409,2014-07-10,2542.0
1410,2014-07-11,2542.0
1411,2014-07-12,2542.3333333333335
1412,2014-07-13,2542.6666666666665
1413,2014-07-14,2543.0
1414,2014-07-15,2543.0
1415,2014-07-16,2543.0
1416,2014-07-17,2532.0
1417,2014-07-18,2532.0
1418,2014-07-19,2532.0
1419,2014-07-20,2532.0
1420,2014-07-21,2532.0
1421,2014-07-22,2532.0
1422,2014-07-23,2532.0
1423,2014-07-24,2532.0
1424,2014-07-25,2532.0
1425,2014-07-26,2533.0
1426,2014-07-27,2534.0
1427,2014-07-28,2535.0
1428,2014-07-29,2535.0
1429,2014-07-30,2535.0
1430,2014-07-31,2535.0
1431,2014-08-01,2535.0
1432,2014-08-02,2535.0
1433,2014-08-03,2535.0
1434,2014-08-04,2535.0
1435,2014-08-05,2535.0
1436,2014-08-06,2543.0
1437,2014-08-07,2543.0
1438,2014-08-08,2543.0
1439,2014-08-09,2543.0
1440,2014-08-10,2543.0
1441,2014-08-11,2543.0
1442,2014-08-12,2543.0
1443,2014-08-13,2543.0
1444,2014-08-14,2543.0
1445,2014-08-15,2543.0
1446,2014-08-16,2543.0
1447,2014-08-17,2543.0
1448,2014-08-18,2543.0
1449,2014-08-19,2543.0
1450,2014-08-20,2543.0
1451,2014-08-21,2543.0
1452,2014-08-22,2543.0
1453,2014-08-23,2543.0
1454,2014-08-24,2543.0
1455,2014-08-25,2543.0
1456,2014-08-26,2370.0
1457,2014-08-27,2543.0
1458,2014-08-28,2543.0
1459,2014-08-29,2543.0
1460,2014-08-30,2462.0
1461,2014-08-31,2381.0
1462,2014-09-01,2300.0
1463,2014-09-02,2577.0
1464,2014-09-03,2577.0
1465,2014-09-04,2577.0
1466,2014-09-05,2577.0
1467,2014-09-06,2577.0
1468,2014-09-07,2577.0
1469,2014-09-08,2577.0
1470,2014-09-09,2300.0
1471,2014-09-10,2588.0
1472,2014-09-11,2583.0
1473,2014-09-12,2583.0
1474,2014-09-13,2591.3333333333335
1475,2014-09-14,2599.6666666666665
1476,2014-09-15,2608.0
1477,2014-09-16,2608.0
1478,2014-09-17,2608.0
1479,2014-09-18,2608.0
1480,2014-09-19,2608.0
1481,2014-09-20,2608.0
1482,2014-09-21,2608.0
1483,2014-09-22,2608.0
1484,2014-09-23,2608.0
1485,2014-09-24,2622.0
1486,2014-09-25,2622.0
1487,2014-09-26,2622.0
1488,2014-09-27,2622.0
1489,2014-09-28,2622.0
1490,2014-09-29,2622.0
1491,2014-09-30,2630.0
1492,2014-10-01,2636.0
1493,2014-10-02,2642.0
1494,2014-10-03,2648.0
1495,2014-10-04,2654.0
1496,2014-10-05,2660.0
1497,2014-10-06,2666.0
1498,2014-10-07,2672.0
1499,2014-10-08,2672.0
1500,2014-10-09,2672.0
1501,2014-10-10,2632.0
1502,2014-10-11,2643.6666666666665
1503,2014-10-12,2655.3333333333335
1504,2014-10-13,2667.0
1505,2014-10-14,2667.0
1506,2014-10-15,2667.0
1507,2014-10-16,2667.0
1508,2014-10-17,2667.0
1509,2014-10-18,2668.0
1510,2014-10-19,2669.0
1511,2014-10-20,2670.0
1512,2014-10-21,2670.0
1513,2014-10-22,2670.0
1514,2014-10-23,2670.0
1515,2014-10-24,2670.0
1516,2014-10-25,2672.0
1517,2014-10-26,2674.0
1518,2014-10-27,2676.0
1519,2014-10-28,2665.0
1520,2014-10-29,2665.0
1521,2014-10-30,2657.5
1522,2014-10-31,2650.0
1523,2014-11-01,2650.0
1524,2014-11-02,2650.0
1525,2014-11-03,2650.0
1526,2014-11-04,2650.0
1527,2014-11-05,2650.0
1528,2014-11-06,2650.0
1529,2014-11-07,2650.0
1530,2014-11-08,2636.6666666666665
1531,2014-11-09,2623.3333333333335
1532,2014-11-10,2610.0
1533,2014-11-11,2610.0
1534,2014-11-12,2610.0
1535,2014-11-13,2610.0
1536,2014-11-14,2610.0
1537,2014-11-15,2610.0
1538,2014-11-16,2610.0
1539,2014-11-17,2610.0
1540,2014-11-18,2610.0
1541,2014-11-19,2592.0
1542,2014-11-20,2592.0
1543,2014-11-21,2592.0
1544,2014-11-22,2570.3333333333335
1545,2014-11-23,2548.6666666666665
1546,2014-11-24,2527.0
1547,2014-11-25,2527.0
1548,2014-11-26,2527.0
1549,2014-11-27,2527.0
1550,2014-11-28,2527.0
1551,2014-11-29,2527.0
1552,2014-11-30,2527.0
1553,2014-12-01,2527.0
1554,2014-12-02,2527.0
1555,2014-12-03,2540.0
1556,2014-12-04,2540.0
1557,2014-12-05,2540.0
1558,2014-12-06,2550.0
1559,2014-12-07,2560.0
1560,2014-12-08,2570.0
1561,2014-12-09,2570.0
1562,2014-12-10,2570.0
1563,2014-12-11,2570.0
1564,2014-12-12,2570.0
1565,2014-12-13,2579.0
1566,2014-12-14,2588.0
1567,2014-12-15,2597.0
1568,2014-12-16,2620.0
1569,2014-12-17,2620.0
1570,2014-12-18,2620.0
1571,2014-12-19,2300.0
1572,2014-12-20,2423.3333333333335
1573,2014-12-21,2546.6666666666665
1574,2014-12-22,2670.0
1575,2014-12-23,2670.0
1576,2014-12-24,2670.0
1577,2014-12-25,2670.0
1578,2014-12-26,2670.0
1579,2014-12-27,2546.6666666666665
1580,2014-12-28,2423.3333333333335
1581,2014-12-29,2300.0
1582,2014-12-30,2620.0
1583,2014-12-31,2620.0
1584,2015-01-01,2620.0
1585,2015-01-02,2593.0
1586,2015-01-03,2568.6666666666665
1587,2015-01-04,2544.3333333333335
1588,2015-01-05,2520.0
1589,2015-01-06,2520.0
1590,2015-01-07,2520.0
1591,2015-01-08,2470.0
1592,2015-01-09,2470.0
1593,2015-01-10,2396.6666666666665
1594,2015-01-11,2323.3333333333335
1595,2015-01-12,2250.0
1596,2015-01-13,2470.0
1597,2015-01-14,2420.0
1598,2015-01-15,2420.0
1599,2015-01-16,2420.0
1600,2015-01-17,2410.0
1601,2015-01-18,2400.0
1602,2015-01-19,2390.0
1603,2015-01-20,2390.0
1604,2015-01-21,2390.0
1605,2015-01-22,2250.0
1606,2015-01-23,2200.0
1607,2015-01-24,2200.0
1608,2015-01-25,2200.0
1609,2015-01-26,2200.0
1610,2015-01-27,2200.0
1611,2015-01-28,2200.0
1612,2015-01-29,2305.0
1613,2015-01-30,2410.0
1614,2015-01-31,2426.6666666666665
1615,2015-02-01,2443.3333333333335
1616,2015-02-02,2460.0
1617,2015-02-03,2460.0
1618,2015-02-04,2200.0
1619,2015-02-05,2200.0
1620,2015-02-06,2200.0
1621,2015-02-07,2200.0
1622,2015-02-08,2200.0
1623,2015-02-09,2200.0
1624,2015-02-10,2167.0
1625,2015-02-11,2167.0
1626,2015-02-12,2167.0
1627,2015-02-13,2167.0
1628,2015-02-14,2167.0
1629,2015-02-15,2167.0
1630,2015-02-16,2167.0
1631,2015-02-17,2167.0
1632,2015-02-18,2217.0
1633,2015-02-19,2217.0
1634,2015-02-20,2217.0
1635,2015-02-21,2217.0
1636,2015-02-22,2217.0
1637,2015-02-23,2217.0
1638,2015-02-24,2217.0
1639,2015-02-25,2217.0
1640,2015-02-26,2217.0
1641,2015-02-27,2217.0
1642,2015-02-28,2217.0
1643,2015-03-01,2217.0
1644,2015-03-02,2217.0
1645,2015-03-03,2217.0
1646,2015-03-04,2217.0
1647,2015-03-05,2217.0
1648,2015-03-06,2217.0
1649,2015-03-07,2217.0
1650,2015-03-08,2217.0
1651,2015-03-09,2217.0
1652,2015-03-10,2217.0
1653,2015-03-11,2217.0
1654,2015-03-12,2217.0
1655,2015-03-13,2217.0
1656,2015-03-14,2217.0
1657,2015-03-15,2217.0
1658,2015-03-16,2217.0
1659,2015-03-17,2217.0
1660,2015-03-18,2217.0
1661,2015-03-19,2217.0
1662,2015-03-20,2217.0
1663,2015-03-21,2217.0
1664,2015-03-22,2217.0
1665,2015-03-23,2217.0
1666,2015-03-24,2217.0
1667,2015-03-25,2217.0
1668,2015-03-26,2217.0
1669,2015-03-27,2217.0
1670,2015-03-28,2217.0
1671,2015-03-29,2217.0
1672,2015-03-30,2217.0
1673,2015-03-31,2217.0
1674,2015-04-01,2217.0
1675,2015-04-02,2217.0
1676,2015-04-03,2217.0
1677,2015-04-04,2217.0
1678,2015-04-05,2217.0
1679,2015-04-06,2217.0
1680,2015-04-07,2217.0
1681,2015-04-08,2217.0
1682,2015-04-09,2217.0
1683,2015-04-10,2217.0
1684,2015-04-11,2217.0
1685,2015-04-12,2217.0
1686,2015-04-13,2217.0
1687,2015-04-14,2217.0
1688,2015-04-15,2217.0
1689,2015-04-16,2217.0
1690,2015-04-17,2217.0
1691,2015-04-18,2217.0
1692,2015-04-19,2217.0
1693,2015-04-20,2217.0
1694,2015-04-21,2217.0
1695,2015-04-22,2217.0
1696,2015-04-23,2217.0
1697,2015-04-24,2217.0
1698,2015-04-25,2217.0
1699,2015-04-26,2217.0
1700,2015-04-27,2217.0
1701,2015-04-28,2267.0
